Address,City,State,Petition File Date,NLRB Case Number(s),Store Status,Vote Count Date,lat,lon
"65 Oakway Center , Eugene, OR, 97401",Eugene,OR,2022-01-31,19-RC-289817,Union Loss,4/28/2022,44.06669362336151,-123.07711515683904
"155 N Wabash , Chicago, IL, 60601",Chicago,IL,2021-12-30,13-RC-288328,Union Loss,6/7/2022,41.885465909573874,-87.62625542334453
"5120 Camp Road , Hamburg, NY, 14075",Hamburg,NY,2021-08-30,03-RC-282127,Contested,,42.747802180744415,-78.85322348233751
"933 Elmwood Avenue , Buffalo, NY, 14222",Buffalo,NY,2021-08-30,03-RC-282115,Union Win,12/9/2021,42.922605700000005,-78.87669653483488
"4255 Genesee St. Suite 100, Cheektowaga, NY, 14225",Cheektowaga,NY,2021-08-30,03-RC-282139,Union Win,1/10/2022,42.93182609026282,-78.72980684807057
"1775 Walden Avenue 500, Cheektowaga, NY, 14225",Cheektowaga,NY,2021-11-09,03-RC-285929,Contested,7/15/2022,42.9084407,-78.7707037
"4770 Transit Road , Depew, NY, 14043",Depew,NY,2021-11-10,03-RC-285989,Union Win,3/9/2022,42.8685348,-78.6975884
"3186 Sheridan Drive 100, Amherst, NY, 14226",Amherst,NY,2021-11-10,03-RC-285986,Union Win,3/9/2022,42.98040950579239,-78.81527879087999
"6807 E Baseline Rd #102 , Mesa, AZ, 85209",Mesa,AZ,2021-11-18,28-RC-286556,Union Win,2/25/2022,33.37938474541992,-111.68746775053184
"277 Harvard St , Brookline, MA, 2446",Brookline,MA,2021-12-13,01-RC-287639,Union Win,4/11/2022,42.342638,-71.121774
"1304 Commonwealth Avenue , Boston, MA, 2134",Boston,MA,2021-12-13,01-RC-287618,Union Win,4/11/2022,42.348489,-71.134157
"101 Broadway East , Seattle, WA, 98102",Seattle,WA,2021-12-20,19-RC-287954,Store Closed,3/22/2022,47.6188627,-122.3210607
"116 Merchants Drive , Knoxville, TN, 37912",Knoxville,TN,2021-12-27,10-RC-288098,Union Win,4/5/2022,36.01114625786796,-83.97032935400257
"2800 Rock Creek Circle A1, Superior, CO, 80027",Superior,CO,2021-12-30,27-RC-288318,Union Win,4/22/2022,39.92866,-105.14768
"2830 Willamette St , Eugene, OR, 97405",Eugene,OR,2022-01-07,19-RC-288594,Union Win,4/13/2022,44.0279805,-123.09104777475407
"2543 N. California , Chicago, IL, 60647",Chicago,IL,2022-01-10,13-RC-288667,Union Loss,6/7/2022,41.92777795742847,-87.69748800306945
"1374 West Sixth Street , Cleveland, OH, 44113",Cleveland,OH,2022-01-10,08-RC-288697,Union Win,5/24/2022,41.49921443200307,-81.69811651529247
"800 A Denow Road , Pennington, NJ, 8534",Pennington,NJ,2022-01-11,22-RC-288780,Union Win,4/25/2022,40.30134,-74.78322
"2264-1 North Monroe Street , Tallahassee, FL, 32303",Tallahassee,FL,2022-01-11,12-RC-288866,Union Win,5/3/2022,30.4736011,-84.2935697
"1174 East 55th Streeet , Chicago, IL, 60615",Chicago,IL,2022-01-14,13-RC-288994,Union Win,6/7/2022,41.79505450319574,-87.59851730108095
"38 S La Grange Rd , La Grange, IL, 60525",La Grange,IL,2022-01-14,13-RC-288995,Union Loss,5/6/2022,41.8139796,-87.8698441
"1948 Beacon St , Brighton, MA, 2135",Brighton,MA,2022-01-18,01-RC-289077,Union Win,5/3/2022,42.33634966944028,-71.14950797900241
"1222 S Crismon Rd 101, Mesa, AZ, 85209",Mesa,AZ,2022-01-18,28-RC-289033,Union Win,3/25/2022,33.392476891277326,-111.61540538171076
"217 Western Ave , Boston, MA, 2134",Boston,MA,2022-01-18,01-RC-289055,Union Win,5/3/2022,42.36345660488817,-71.13389244150491
"3388 Poplar Avenue , Memphis, TN, 38111",Memphis,TN,2022-01-19,15-RC-289150,Union Win,6/7/2022,35.128964,-89.949427
"11136 Midlothian Turnpike , North Chesterfield, VA, 23235",North Chesterfield,VA,2022-01-20,05-RC-289221,Union Win,4/19/2022,37.5065835,-77.6035141
"6980 Forest Hill Ave , Richmond, VA, 23235",Richmond,VA,2022-01-20,05-RC-289213,Union Win,4/19/2022,37.53798634107811,-77.52349695870477
"1209 North Charles Street , Baltimore, MD, 21201",Baltimore,MD,2022-01-20,05-RC-289214,Union Win,4/25/2022,39.3041895,-76.615947
"75 Mt Auburn Street , Watertown, MA, 2472",Watertown,MA,2022-01-21,01-RC-289330,Union Win,5/3/2022,42.366533,-71.181186
"364 Brookline Ave. , Boston, MA, 2215",Boston,MA,2022-01-21,01-RC-289350,Union Win,5/3/2022,42.33937007692308,-71.1069661923077
"425 Pike St , Seattle, WA, 98101",Seattle,WA,2022-01-25,19-RC-289458,Union Win,6/6/2022,47.6104569,-122.3356256
"1200 Westlake Ave N , Seattle, WA, 98109",Seattle,WA,2022-01-25,19-RC-289455,Union Loss,6/6/2022,47.6299509,-122.3400728
"1801 Howell Mill Rd , Atlanta, GA, 30318",Atlanta,GA,2022-01-27,10-RC-289571,Union Win,6/6/2022,33.8044115,-84.4133399
"2975 E Colfax Ave , Denver, CO, 80206",Denver,CO,2022-01-27,27-RC-289608,Union Win,5/10/2022,39.740475,-104.9527706
"600 9th Street , Philadelphia, PA, 19147",Philadelphia,PA,2022-01-28,04-RC-289746,Union Win,5/25/2022,39.94249855,-75.15725748397088
"1945 Callowhill Street , Philadelphia, PA, 19130",Philadelphia,PA,2022-01-28,04-RC-289708,Union Loss,5/25/2022,39.96076947534626,-75.17071051199885
"17410 Hall Road 174, Clinton Township, MI, 48038",Clinton Township,MI,2022-01-31,07-RC-289840,Union Win,6/9/2022,42.627711649004354,-82.94620264424695
"16175 SW Walker Road , Beaverton, OR, 97006",Beaverton,OR,2022-01-31,19-RC-289814,Union Win,6/2/2022,45.518247,-122.84304194562176
"495 West 7th Avenue Suite 1, Eugene, OR, 97401",Eugene,OR,2022-01-31,19-RC-289815,Union Win,4/28/2022,44.0521459384259,-123.10020105785864
"1895 Franklin Blvd , Eugene, OR, 97403",Eugene,OR,2022-01-31,19-RC-289816,Union Win,4/28/2022,44.045649775510206,-123.06465995918369
"2933 SW Cedar Hills Blvd , Beaverton, OR, 97005",Beaverton,OR,2022-01-31,19-RC-289812,Union Win,6/2/2022,45.499186550000005,-122.8096477959258
"4585 Washtenaw Ave , Ann Arbor, MI, 48108",Ann Arbor,MI,2022-01-31,07-RC-289821,Union Win,6/7/2022,42.2590676,-83.7092351
"3625 Broadway Suite A, Everett, WA, 98201",Everett,WA,2022-01-31,19-RC-289827,Union Win,6/1/2022,47.96970442901238,-122.20116798083671
"11353 South Saginaw St , Grand Blanc, MI, 48439",Grand Blanc,MI,2022-01-31,07-RC-289860,Union Loss,6/9/2022,42.92879668051037,-83.63151743056532
"745 Ocean Street , Santa Cruz, CA, 95060",Santa Cruz,CA,2022-02-01,32-RC-289855,Union Win,5/11/2022,36.979163437905896,-122.02127273768942
"2750 Monroe Avenue , Rochester, NY, 14618",Rochester,NY,2022-02-01,03-RC-289802,Union Win,4/7/2022,43.1268015,-77.5621007
"722 South Meadow Street , Ithaca, NY, 14850",Ithaca,NY,2022-02-01,03-RC-289796,Union Win,4/8/2022,42.4308025,-76.5089415
"402 College Avenue Suite 402, Ithaca, NY, 14850",Ithaca,NY,2022-02-01,03-RC-289793,Store Closed,4/8/2022,42.44169344724597,-76.48526045341069
"130 E. Seneca Street , Ithaca, NY, 14850",Ithaca,NY,2022-02-01,03-RC-289805,Union Win,4/8/2022,42.4406978,-76.4971609
"7315 SW Garden Home Road , Portland, OR, 97223",Portland,OR,2022-02-01,19-RC-289854,Union Win,6/2/2022,45.4667249,-122.75180407425536
"235 Delaware Avenue , Buffalo, NY, 14202",Buffalo,NY,2022-02-01,03-RC-289785,Union Win,4/7/2022,42.8908799,-78.87619586126937
"1394 Mount Hope Avenue , Rochester, NY, 14620",Rochester,NY,2022-02-01,03-RC-289801,Union Win,4/7/2022,43.12329009050879,-77.61809482942066
"1901 Mission Street , Santa Cruz, CA, 95060",Santa Cruz,CA,2022-02-01,32-RC-289828,Union Win,5/11/2022,36.9636925,-122.04255154243212
"302 Nichols Rd. , Kansas City, MO, 64112",Kansas City,MO,2022-02-02,14-RC-289930,Contested,6/9/2022,39.04147965306122,-94.5907103265306
"10201 West 75th Street , Overland Park, KS, 66204",Overland Park,KS,2022-02-02,14-RC-289926,Union Win,4/8/2022,38.99289287681159,-94.70380696376812
"9857 Mason Avenue , Chatsworth, CA, 91311",Chatsworth,CA,2022-02-02,31-RC-289988,Union Loss,6/29/2022,34.24919229469338,-118.57981086709786
"1395 University St. , Eugene, OR, 97403",Eugene,OR,2022-02-04,19-RC-290145,Union Win,4/28/2022,44.0450366,-123.0737062
"1900 Market Street , Philadelphia, PA, 19103",Philadelphia,PA,2022-02-04,04-RC-290056,Union Win,5/25/2022,39.9533311,-75.1727292
"3003 N Delta Hwy 301, Eugene, OR, 97408",Eugene,OR,2022-02-04,19-RC-290060,Union Win,4/28/2022,44.09520781796304,-123.09716046506308
"3401 WALNUT ST , Philadelphia, PA, 19104",Philadelphia,PA,2022-02-04,04-RC-290064,Union Win,5/25/2022,39.9530359,-75.1925145
"222 S State , Ann Arbor, MI, 48104",Ann Arbor,MI,2022-02-08,07-RC-290304,Union Win,6/7/2022,42.28013687024489,-83.7408316358515
"300 South Main Street , Ann Arbor, MI, 48104",Ann Arbor,MI,2022-02-08,07-RC-290295,Union Win,6/7/2022,42.2794671,-83.7487946
"1214 South University Ave , Ann Arbor, MI, 48104",Ann Arbor,MI,2022-02-08,07-RC-290313,Union Loss,6/7/2022,42.2746071,-83.7338206
"2624 Lake Lansing Rd , Lansing, MI, 48912",Lansing,MI,2022-02-08,07-RC-290290,Union Win,6/9/2022,42.760668033557046,-84.51454940939597
"120 S. Zeeb Rd Suite 101, Ann Arbor, MI, 48103",Ann Arbor,MI,2022-02-08,07-RC-290303,Union Win,6/7/2022,42.28537758610361,-83.83846205921164
"2639 NW Loop 410, Suite 106 , San Antonio, TX, 78230",San Antonio,TX,2022-02-08,16-RC-290302,Union Win,6/14/2022,29.51266,-98.53677
"61 9th Ave. , New York, NY, 10011",New York,NY,2022-02-09,02-RC-290354,Union Win,4/1/2022,40.7414942,-74.0052638
"13-25  Astor Place , New York, NY, 10003",New York,NY,2022-02-10,02-RC-290378,Union Win,4/29/2022,40.7298838,-73.9915334
"8973 Bay Parkway , Brooklyn, NY, 11214",Brooklyn,NY,2022-02-10,29-RC-290386,Union Win,5/3/2022,40.5952532,-74.0000236
"6 Great Neck Road , Great Neck, NY, 11021",Great Neck,NY,2022-02-10,29-RC-290364,Union Loss,5/3/2022,40.7860261,-73.72589237236227
"95-221 Kipapa Drive , Mililani, HI, 96789",Mililani,HI,2022-02-11,20-RC-290481,Union Loss,5/2/2022,21.4579572,-158.01542310144796
"4765 Liberty Avenue , Pittsburgh, PA, 15224",Pittsburgh,PA,2022-02-11,06-RC-290464,Union Win,4/13/2022,40.4610681,-79.9476312
"8880 South Howell Ave. , Oak Creek, WI, 53154",Oak Creek,WI,2022-02-14,18-RC-290576,Union Win,4/27/2022,42.88368585,-87.9115946575148
"1124 Pike St , Seattle, WA, 98101",Seattle,WA,2022-02-14,19-RC-290608,Union Win,4/21/2022,47.6140077,-122.32833038964822
"1017 N Boulevard , Richmond, VA, 23230",Richmond,VA,2022-02-14,05-RC-290507,Union Win,6/30/2022,37.5643387,-77.4689246
"8 Old Whitmore Ave , Roanoke, VA, 24016",Roanoke,VA,2022-02-14,10-RC-290521,Union Win,6/27/2022,37.25695,-79.94121
"15605 WC Commons Way Bldg 10, Midlothian, VA, 23113",Midlothian,VA,2022-02-14,05-RC-290518,Union Win,4/19/2022,37.51358,-77.69453
"620 Northwest Hwy , Cary, IL, 60013",Cary,IL,2022-02-14,25-RC-290609,Union Win,4/26/2022,42.21879187869132,-88.2595964909487
"2059 Huguenot Road , Richmond, VA, 23235",Richmond,VA,2022-02-14,05-RC-290510,Union Win,4/19/2022,37.5640632,-77.5435195
"300 Snelling Suite C, St. Paul, MN, 55105",St. Paul,MN,2022-02-14,18-RC-290585,Union Win,4/27/2022,44.93278,-93.16669
"1200 West Main St. , Peoria, IL, 61606",Peoria,IL,2022-02-14,25-RC-290625,Union Win,4/26/2022,40.6986316,-89.6119125
"2901 Sherman Oak Place , Raleigh, NC, 27609",Raleigh,NC,2022-02-15,10-RC-290674,Union Loss,5/3/2022,35.821337650000004,-78.62280759010775
"3555 West Cary St , Richmond, VA, 23221",Richmond,VA,2022-02-15,05-RC-290586,Union Win,6/30/2022,37.55569171422182,-77.48810611621833
"1703 W Tennessee , Tallahassee, FL, 32304",Tallahassee,FL,2022-02-16,12-RC-290700,Contested,5/25/2022,30.449037595945835,-84.3097761765127
"11441 San Jose Blvd , Jacksonville, FL, 32223",Jacksonville,FL,2022-02-16,12-RC-290746,Union Win,5/10/2022,30.166128,-81.632183
"3905 Pelham Road , Greenville, SC, 29615",Greenville,SC,2022-02-16,10-RC-290683,Union Win,5/16/2022,34.85974751656606,-82.26413506193259
"222 S Magnolia Drive Suite 101, Tallahassee, FL, 32301",Tallahassee,FL,2022-02-16,12-RC-290711,Union Loss,5/25/2022,30.44052150252181,-84.26177944010499
"4301 Merrick Road , Massapequa, NY, 11758",Massapequa,NY,2022-02-16,29-RC-290794,Union Win,5/3/2022,40.6670103,-73.4748564
"120 Broadway 6 Cambridge Center, Cambridge, MA, 2142",Cambridge,MA,2022-02-17,01-RC-290851,Union Win,6/30/2022,42.363795018437614,-71.08697719562255
"16-18 Austin Street , Newtonville, MA, 2460",Newtonville,MA,2022-02-17,01-RC-290847,Union Loss,6/30/2022,42.3503673,-71.2075150431439
"125 Summer Street , Boston, MA, 2110",Boston,MA,2022-02-17,01-RC-290850,Union Loss,7/14/2022,42.35298705,-71.05745119735222
"7000 E Mayo 28, Phoenix, AZ, 85054",Phoenix,AZ,2022-02-22,28-RC-291029,Contested,5/5/2022,33.65527048385586,-111.93377566238748
"11623 Clifton Boulevard , Cleveland, OH, 44102",Cleveland,OH,2022-02-22,08-RC-291066,Union Win,7/19/2022,41.48725224489796,-81.76781665306123
"120 Crossroads Dr , Plover, WI, 54467",Plover,WI,2022-02-22,18-RC-291082,Union Win,5/4/2022,44.496971,-89.5130532
"3093 Mayfield Road , Cleveland Heights, OH, 44118",Cleveland Heights,OH,2022-02-22,08-RC-291055,Union Win,7/19/2022,41.51601214634147,-81.56880985365854
"1123 NW 63rd Avenue , Nichols Hills, OK, 73116",Nichols Hills,OK,2022-02-22,14-RC-290942,Union Win,7/25/2022,35.536874271834364,-97.5308437371221
"1601 Willow Lawn Dr. 700-P, Richmond, VA, 23230",Richmond,VA,2022-02-23,05-RC-291103,Union Win,4/19/2022,37.58018681781526,-77.5003242258332
"7475 Huntsman Blvd. , Springfield, VA, 22153",Springfield,VA,2022-02-23,05-RC-291121,Union Loss,4/14/2022,38.75324219118348,-77.26605173710263
"9999 Holman Rd NW , Seattle, WA, 98117",Seattle,WA,2022-02-24,19-RC-291186,Union Win,4/29/2022,47.7019318,-122.3636648001913
"2003 S. Main Street , Farmville, VA, 23901",Farmville,VA,2022-02-24,05-RC-291198,Union Win,5/3/2022,37.27416609432396,-78.40140765035179
"1980 San Marco Blvd. , Jacksonville, FL, 32207",Jacksonville,FL,2022-02-24,12-RC-291207,Union Win,5/10/2022,30.30407905,-81.65478135000001
"1087 White Horse Avenue , Hamilton Township, NJ, 8610",Hamilton Township,NJ,2022-02-25,22-RC-291263,Union Win,5/2/2022,40.20385063636364,-74.69633493939395
"17045 N 7th St , Phoenix, AZ, 85022",Phoenix,AZ,2022-02-25,28-RC-291280,Union Win,5/5/2022,33.64201675,-112.0649899
"315 Cooper Point Road NW 101, Olympia, WA, 98502",Olympia,WA,2022-02-25,19-RC-291290,Union Win,4/29/2022,47.04797,-122.94237
"4712 Cedar Ave , Minneapolis, MN, 55407",Minneapolis,MN,2022-02-28,18-RC-291359,Union Win,5/2/2022,44.9720901,-93.2472389
"3110 W. 11th Avenue , Eugene, OR, 97402",Eugene,OR,2022-02-28,19-RC-291410,Union Win,5/5/2022,44.04785379548814,-123.1387118565399
"2 Beechwood Road , Summit, NJ, 7901",Summit,NJ,2022-03-01,22-RC-291520,Union Win,5/2/2022,40.717035,-74.357671
"1115 Valley River Dr , Eugene, OR, 97401",Eugene,OR,2022-03-01,19-RC-291441,Union Win,5/5/2022,44.07105008305024,-123.106106909465
"10585 W. Indian School Rd , Avondale, AZ, 85392",Avondale,AZ,2022-03-01,28-RC-291566,Union Win,5/5/2022,33.4932296,-112.286814
"2328 W. Burnside, Suite #2 , Portland, OR, 97210",Portland,OR,2022-03-04,19-RC-291715,Union Win,5/17/2022,45.52305,-122.69878
"555 S.W. Oak Street , Portland, OR, 97204",Portland,OR,2022-03-04,19-RC-291713,Union Win,5/17/2022,45.52162612118602,-122.6766922567086
"4022 Fifth Ave , Pittsburgh, PA, 15213",Pittsburgh,PA,2022-03-04,06-RC-291724,Union Win,5/6/2022,40.4435445,-79.9557594
"525 NE Grand Avenue , Portland, OR, 97232",Portland,OR,2022-03-04,19-RC-291712,Union Win,5/17/2022,45.5269396,-122.6609421996735
"3400 Civic Center Boulevard , Philadelphia, PA, 19104",Philadelphia,PA,2022-03-07,04-RC-291798,Union Win,5/25/2022,39.9473353,-75.1932406
"3390 E. 7th Street , Long Beach, CA, 90804",Long Beach,CA,2022-03-07,21-RC-291847,Union Win,5/13/2022,33.77524908163266,-118.1526241632653
"4833 Candlewood Street , Lakewood, CA, 90712",Lakewood,CA,2022-03-07,21-RC-291844,Union Win,5/13/2022,33.853906224373176,-118.1364392945195
"1700 W Nursery Rd , Linthicum Heights, MD, 21090",Linthicum Heights,MD,2022-03-08,05-RC-291899,Union Win,5/10/2022,39.1996983,-76.6831502
"3243 Miller Rd , Flint, MI, 48507",Flint,MI,2022-03-09,07-RC-291984,Union Win,6/9/2022,42.99439229850746,-83.72803967910448
"2480 Burton St SE , Grand Rapids, MI, 49546",Grand Rapids,MI,2022-03-09,07-RC-291974,Union Win,5/13/2022,42.926766,-85.6060897
"1141 E. Grand River , East Lansing, MI, 48823",East Lansing,MI,2022-03-09,07-RC-292006,Union Win,6/9/2022,42.73115632377602,-84.46869188905023
"583 West 49th Street , Hialeah, FL, 33012",Hialeah,FL,2022-03-09,12-RC-291975,Union Loss,4/20/2022,25.8670796,-80.29340688655944
"228 Robert C Daniel Parkway , Augusta, GA, 30909",Augusta,GA,2022-03-10,10-RC-292010,Union Win,4/28/2022,33.47620057142857,-82.07092785714286
"303 16th Street Ste. 100, Denver, CO, 80202",Denver,CO,2022-03-10,27-RC-292041,Union Win,5/19/2022,39.74257439841984,-104.98878807888282
"1455 S Nevada Ave , Colorado Springs, CO, 80905",Colorado Springs,CO,2022-03-10,27-RC-292032,Union Win,5/19/2022,38.81329867346939,-104.8225279489796
"18710 E. 39th St , Independence, MO, 64057",Independence,MO,2022-03-10,14-RC-292066,Union Win,5/24/2022,39.0481298,-94.3609728
"2880 SE Powell Blvd , Portland, OR, 97202",Portland,OR,2022-03-11,19-RC-292093,Union Win,5/17/2022,45.49729085,-122.63617020251873
"504 W 24th St Suite B, Austin, TX, 78705",Austin,TX,2022-03-11,16-RC-292111,Union Win,6/10/2022,30.28777822855626,-97.74240470466071
"3046 Gatehouse Plaza , Falls Church, VA, 22042",Falls Church,VA,2022-03-14,05-RC-292283,Union Win,4/22/2022,38.86641495,-77.23010221294773
"7803 Montvue Center Way , Knoxville, TN, 37919",Knoxville,TN,2022-03-14,10-RC-292148,Union Win,5/26/2022,35.92557067505222,-84.04200445083595
"526 E. Market Street , Leesburg, VA, 20176",Leesburg,VA,2022-03-14,05-RC-292280,Union Win,5/23/2022,39.10867868355747,-77.5516212910071
"474 Woodward Street , Waban, MA, 2468",Waban,MA,2022-03-14,01-RC-292142,Union Win,5/19/2022,42.32663997119337,-71.22923399282561
"52 Curtiss Pkwy , Miami Springs, FL, 33166",Miami Springs,FL,2022-03-14,12-RC-292183,Union Win,5/10/2022,25.8218219,-80.2813458
"1144 Fortress Blvd Suite A, Murfreesboro, TN, 37128",Murfreesboro,TN,2022-03-14,"10-CA-294365,10-RC-292155",Union Loss,5/27/2022,35.865500068191345,-86.46387885269382
"5395-5495 Sheridan Drive , Amherst, NY, 14221",Amherst,NY,2022-03-14,03-RC-292127,Union Win,5/23/2022,42.9779784,-78.7340707
"138 S. Central Avenue , Los Angeles, CA, 90012",Los Angeles,CA,2022-03-15,21-RC-292310,Union Win,5/23/2022,34.14466697959183,-118.257777122449
"4825 Academy Blvd N , Colorado Springs, CO, 80918",Colorado Springs,CO,2022-03-15,27-RC-292261,Contested,5/19/2022,38.90167385294118,-104.76898470588236
"200 E. Houston St. , San Antonio, TX, 78205",San Antonio,TX,2022-03-16,16-RC-292335,Union Win,6/21/2022,29.426382,-98.491192
"505 5th Ave South , Seattle, WA, 98104",Seattle,WA,2022-03-16,19-RC-292421,Store Closed,5/27/2022,47.5980546,-122.3284865
"12911 Factory Lane , Louisville, KY, 40245",Louisville,KY,2022-03-16,09-RC-292370,Union Win,5/26/2022,38.2891491,-85.5109129
"3009 Millwood Ave. Suite 100, Columbia, SC, 29205",Columbia,SC,2022-03-16,10-RC-292341,Union Win,5/26/2022,34.0021819216534,-80.99896645531713
"11302 Euclid Avenue , Cleveland, OH, 44106",Cleveland,OH,2022-03-16,08-RC-292577,Union Win,7/22/2022,41.5081621,-81.6059739
"3575 Katella Avenue , Los Alamitos, CA, 90720",Los Alamitos,CA,2022-03-16,21-RC-292423,Union Loss,5/23/2022,33.803269739040665,-118.0702318581649
"132 NW 23rd Street , Oklahoma City, OK, 73103",Oklahoma City,OK,2022-03-17,14-RC-292446,Union Win,5/31/2022,35.49313138290321,-97.51507192822262
"7001 SE Milwaukee Ave , Portland, OR, 97202",Portland,OR,2022-03-18,19-RC-292533,Union Win,5/24/2022,45.47367497690227,-122.64872859036764
"30-18 Astoria Blvd , Astoria, NY, 11102",Astoria,NY,2022-03-18,29-RC-292481,Union Win,6/6/2022,40.7700243,-73.9184252
"10826 SE Oak Street , Milwaukie, OR, 97222",Milwaukie,OR,2022-03-18,19-RC-292533,Union Win,5/24/2022,45.4438972,-122.6276296
"2344 Eastlake Ave E , Seattle, WA, 98102",Seattle,WA,2022-03-18,19-RC-292503,Union Win,5/27/2022,47.64102389999999,-122.32555431594784
"2095 Golden Center #10 , Gold River, CA, 95670",Gold River,CA,2022-03-18,20-RC-292521,Union Loss,6/6/2022,38.62682,-121.26405
"4400 N Lamar Ste 104, Austin, TX, 78756",Austin,TX,2022-03-21,16-RC-292620,Union Win,6/3/2022,30.31221345457648,-97.73846655821929
"4101 Main Street , Kansas City, MO, 64111",Kansas City,MO,2022-03-22,14-RC-292753,Union Win,6/22/2022,39.0512462,-94.58598765151902
"19533 Highland Oaks Dr. Suite 140, Estero, FL, 33928",Estero,FL,2022-03-22,12-RC-292669,Union Loss,5/6/2022,26.441125344846093,-81.77336886754892
"4686 Clemson Boulevard , Anderson, SC, 29621",Anderson,SC,2022-03-22,10-RC-292644,Union Win,5/31/2022,34.5805653,-82.71531288294926
"88 East Broad Street , Columbus, OH, 43215",Columbus,OH,2022-03-22,09-RC-292683,Union Win,5/24/2022,39.9627044,-82.998238
"5835 Leetsdale Drive , Denver, CO, 80224",Denver,CO,2022-03-22,27-RC-292681,Union Win,5/19/2022,39.70682935754068,-104.92026665498122
"3704 Silver Lake Rd NE , St. Anthony, MN, 55421",St. Anthony,MN,2022-03-22,18-RC-292716,Union Win,6/6/2022,45.036953,-93.218561
"627 Tremont St Retail Space #1, Boston, MA, 2118",Boston,MA,2022-03-23,01-RC-292803,Union Win,7/20/2022,42.34244458172398,-71.07452318679323
"425 South Craig Street , Pittsburgh, PA, 15213",Pittsburgh,PA,2022-03-23,06-RC-292767,Union Win,6/28/2022,40.44501531264918,-79.94863300565322
"7 Market Square , Pittsburgh, PA, 15222",Pittsburgh,PA,2022-03-23,06-RC-292760,Union Win,5/26/2022,40.44045035906681,-80.0025361068233
"1570 S. Disneyland Drive Suite 105, Anaheim, CA, 92802",Anaheim,CA,2022-03-24,21-RC-292951,Union Win,6/16/2022,44.93264,-93.16667
"305 Mitchell Hammock Road , Oviedo, FL, 32765",Oviedo,FL,2022-03-24,12-RC-292836,Union Win,6/9/2022,28.655511,-81.214141
"131 E. Katella Ave., Suite 10 , Anaheim, CA, 92802",Anaheim,CA,2022-03-24,21-RC-292957,Union Win,6/9/2022,33.80334303439311,-117.90611173646116
"1955 41st Avenue Space A-1, Capitola, CA, 95010",Capitola,CA,2022-03-25,32-RC-292934,Union Win,6/6/2022,36.9780572074773,-121.96493967831908
"1731 W 23rd Street , Lawrence, KS, 66046",Lawrence,KS,2022-03-28,14-RC-293092,Union Win,6/7/2022,38.94246355,-95.2563175493526
"11 East Central Street , Worcester, MA, 1605",Worcester,MA,2022-03-28,01-RC-292949,Union Win,6/3/2022,42.266273,-71.794218
"5300 Capitol Blvd SE , Tumwater, WA, 98501",Tumwater,WA,2022-03-28,19-RC-293041,Union Win,6/7/2022,46.999496363950335,-122.90856871704436
"2101 W. Armitage Avenue , Chicago, IL, 60647",Chicago,IL,2022-03-28,13-RC-293064,Union Win,6/14/2022,41.917621,-87.680258
"874 Commonwealth Ave , Brookline, MA, 2215",Brookline,MA,2022-03-28,01-RC-292965,Union Win,6/3/2022,42.35074604356254,-71.1135286613037
"174 Littleton Road , Westford, MA, 1886",Westford,MA,2022-03-28,01-RC-292964,Union Win,6/3/2022,42.59046266116799,-71.37177175304438
"1600 E Olive Wy , Seattle, WA, 98102",Seattle,WA,2022-03-29,19-RC-293131,Store Closed,6/7/2022,47.6194577,-122.32508449139137
"885 N. 54th Street 1, Chandler, AZ, 85226",Chandler,AZ,2022-03-29,28-RC-293178,Union Loss,6/9/2022,33.29233970924861,-111.96769527139313
"62 Charlotte Street , Asheville, NC, 28801",Asheville,NC,2022-03-29,10-RC-293160,Union Loss,5/11/2022,35.60160583333333,-82.54673483333333
"1210 Troy Schenectady Road , Latham, NY, 12110",Latham,NY,2022-03-30,03-RC-293138,Union Win,5/17/2022,42.7714687,-73.8232755
"1500 S. Lindbergh Blvd. , Ladue, MO, 63131",Ladue,MO,2022-03-30,14-RC-293254,Union Win,6/13/2022,38.6325234,-90.4047493
"1 E Main St , Madison, WI, 53703",Madison,WI,2022-03-30,18-RC-293286,Union Win,6/30/2022,43.07396924937389,-89.38302009544617
"12235 N. Center Ave , Portland, OR, 97217",Portland,OR,2022-03-30,19-RC-293238,Union Win,6/7/2022,45.6112943,-122.68011782556118
"5351 Lyndale Ave South , Minneapolis, MN, 55419",Minneapolis,MN,2022-03-30,18-RC-293227,Union Loss,6/14/2022,44.905213,-93.2879882
"12419 St. Charles Rock Road , Bridgeton, MO, 63044",Bridgeton,MO,2022-04-01,14-RC-293357,Union Loss,6/13/2022,38.7555084,-90.4301156
"4840 McKnight Road , Pittsburgh, PA, 15237",Pittsburgh,PA,2022-04-04,06-RC-293424,Union Loss,5/31/2022,40.493604,-80.0115965
"1216 Hampton Avenue , St Louis, MO, 63139",St Louis,MO,2022-04-04,14-RC-293479,Union Win,6/17/2022,38.6277535,-90.2871219
"3700 South Kingshighway Blvd , St. Louis, MO, 63109",St. Louis,MO,2022-04-04,14-RC-293441,Union Win,6/16/2022,38.5924959,-90.2721842
"3616 N May Avenue , Oklahoma City, OK, 73112",Oklahoma City,OK,2022-04-04,14-RC-293408,Union Win,6/14/2022,35.506831238636366,-97.565773
"7025 S Highland Drive , Cottonwood Heights, UT, 84121",Cottonwood Heights,UT,2022-04-04,27-RC-293438,Union Win,6/10/2022,40.6203317,-111.8343298
"443 Boylston Street , Boston, MA, 2116",Boston,MA,2022-04-04,01-RC-293421,Union Win,6/9/2022,42.35151168298831,-71.07241054053313
"1400 East Carson Street , Pittsburgh, PA, 15203",Pittsburgh,PA,2022-04-04,06-RC-293429,Union Win,5/31/2022,40.4286828,-79.98402703843125
"1700 Blowing Rock Road , Boone, NC, 28607",Boone,NC,2022-04-04,10-RC-293398,Union Win,4/30/2022,36.19945415,-81.65972485
"401 W University Dr , Denton, TX, 76201",Denton,TX,2022-04-05,16-RC-293512,Union Win,6/30/2022,33.2302197,-97.1361102
"3051 Classen Blvd , Norman, OK, 73071",Norman,OK,2022-04-05,14-RC-293567,Union Loss,7/6/2022,35.18213955,-97.41638133018752
"5350 Campbell Boulevard Suite A, White Marsh, MD, 21236",White Marsh,MD,2022-04-06,05-RC-293696,Union Win,6/1/2022,39.36790989160032,-76.45077488811441
"4465 Centennial Blvd. , Colorado Springs, CO, 80907",Colorado Springs,CO,2022-04-06,27-RC-293572,Union Win,6/8/2022,38.89596285502444,-104.85084174809047
"563 Baltimore Pike , Bel Air, MD, 21014",Bel Air,MD,2022-04-06,05-RC-293573,Union Win,6/1/2022,39.52754485,-76.35282967373868
"16806 Georgia Avenue , Olney, MD, 20832",Olney,MD,2022-04-06,05-RC-293687,Union Win,5/20/2022,39.1320444,-77.0715164
"450 Thompson Creek Rd , Stevensville, MD, 21666",Stevensville,MD,2022-04-06,05-RC-293590,Union Win,6/1/2022,38.9761779,-76.31279558435438
"450 Thompson Creek Road , Stevensville, MD, ",Stevensville,MD,2022-04-06,05-RC-293590,Union Win,6/1/2022,38.9761779,-76.31279558435438
"25 Pace Blvd Unit A, Warwick, RI, 2886",Warwick,RI,2022-04-06,01-RC-293595,Union Loss,8/31/2022,41.70233666416225,-71.49678996805835
"1070 W. Bryn Mawr Ave. , Chicago, IL, 60660",Chicago,IL,2022-04-07,13-RC-293654,Store Closed,5/25/2022,41.98374745756241,-87.65757847430251
"79845 Highway 111 104, La Quinta, CA, 92253",La Quinta,CA,2022-04-11,21-RC-293884,Union Win,6/22/2022,33.70693,-116.27151
"611 South Citrus Ave , Covina, CA, 91723",Covina,CA,2022-04-11,21-RC-293882,Union Loss,6/21/2022,34.078619312499995,-117.8899483125
"5251 E 2nd Street , Long Beach, CA, 90803",Long Beach,CA,2022-04-11,21-RC-293881,Union Loss,6/21/2022,33.75984666666667,-118.13366016666666
"1720 Clarkson Road , Chesterfield, MO, 63017",Chesterfield,MO,2022-04-12,14-RC-293917,Union Loss,7/1/2022,38.6422389,-90.5662315
"340 Oyster Point Road , Newport News, VA, 23602",Newport News,VA,2022-04-12,05-RC-293910,Union Win,5/19/2022,37.1048963,-76.5088446
"401 Vine Street , Cincinnati, OH, 45202",Cincinnati,OH,2022-04-12,09-RC-293893,Union Win,6/23/2022,39.100064,-84.512803
"5964 N. Ridge Avenue , Chicago, IL, 60660",Chicago,IL,2022-04-12,13-RC-293883,Union Win,5/25/2022,41.990163276335885,-87.67110744066264
"1449B New Britain Ave , West Hartford, CT, 6110",West Hartford,CT,2022-04-12,01-RC-293992,Union Win,6/9/2022,41.7193036,-72.7618367
"250 Columbine 160, Denver, CO, 80206",Denver,CO,2022-04-12,27-RC-293880,Union Win,6/13/2022,39.72020508199996,-104.95703691957893
"17101 27th Avenue NE A, Marysville, WA, 98271",Marysville,WA,2022-04-12,19-RC-293932,Union Win,6/21/2022,48.15172593685555,-122.19372415973984
"3650 Carpenter Rd. , Pittsfield, MI, 48104",Pittsfield,MI,2022-04-13,07-RC-293990,Union Win,6/17/2022,42.23577823611031,-83.6803128626552
"1128 Walnut St , Philadelphia, PA, 19107",Philadelphia,PA,2022-04-13,04-RC-293959,Union Win,6/21/2022,39.94877,-75.1604539
"631 W. Northland Ave. , Appleton, WI, 54911",Appleton,WI,2022-04-13,18-RC-294019,Union Win,6/16/2022,44.28720238095238,-88.41490780952381
"164 E. Broadway Suite E164, Bloomington, MN, 55425",Bloomington,MN,2022-04-14,18-RC-294052,Union Win,6/22/2022,44.85465,-93.24064
"914 Old Country Road , Garden City, NY, 11530",Garden City,NY,2022-04-14,29-RC-294141,Union Win,6/10/2022,40.7443992,-73.6039462
"3464 William Penn Highway , Pittsburgh, PA, 15235",Pittsburgh,PA,2022-04-14,06-RC-294100,Union Win,6/16/2022,40.42973,-79.81039
"533 South State Street , Westerville, OH, 43081",Westerville,OH,2022-04-14,09-RC-294225,Union Win,6/29/2022,40.1122542,-82.9266578
"154 N Seventh St , Brooklyn, NY, 11211",Brooklyn,NY,2022-04-14,29-RC-294160,Union Win,6/21/2022,40.6731778630626,-73.99107103525647
"22-28 31st St , Astoria, NY, 11105",Astoria,NY,2022-04-14,29-RC-294146,Union Win,6/30/2022,40.7652814,-73.9226961
"308 20th St South Suite 100, Birmingham, AL, 35233",Birmingham,AL,2022-04-15,10-RC-294065,Union Win,5/26/2022,33.50972,-86.80258
"126 West Rockland Plaza , Nanuet, NY, 10954",Nanuet,NY,2022-04-15,02-RC-294088,Union Win,6/3/2022,41.099,-74.01469
"814 Iowa St , Bellingham, WA, 98225",Bellingham,WA,2022-04-15,19-RC-294187,Union Win,6/24/2022,48.75636228571428,-122.46457542857144
"3130 Highway 278 NW , Covington, GA, 30014",Covington,GA,2022-04-15,10-RC-294094,Union Loss,6/1/2022,33.6027834,-83.8607049
"1119 Slater Rd , Durham, NC, 27703",Durham,NC,2022-04-15,10-RC-294066,Union Loss,5/26/2022,35.8792429,-78.8472609
"3015 Niagara Falls Blvd. , Amherst, NY, 14228",Amherst,NY,2022-04-18,03-RC-294186,Union Win,4/18/2022,43.0368336,-78.8227348
"802-804 E. University Blvd. , Tucson, AZ, 85719",Tucson,AZ,2022-04-19,28-RC-294327,Union Win,7/6/2022,32.2314768,-110.95909051472744
"2307 Harrison Avenue , Butte, MT, 59701",Butte,MT,2022-04-19,,Contested,,45.99024483273451,-112.51050015211918
"5932 Penn Circle South , Pittsburgh, PA, 15206",Pittsburgh,PA,2022-04-19,06-RC-294253,Union Win,6/16/2022,40.4590585,-79.9275605
"1102 NW Lovejoy Street , Portland, OR, 97209",Portland,OR,2022-04-19,19-RC-294288,Store Closed,6/23/2022,45.5299002,-122.6826189
"7700 Maple Street , New Orleans, LA, 70118",New Orleans,LA,2022-04-19,15-RC-294263,Union Win,6/4/2022,29.94179075,-90.12976039605265
"7030 Marketplace Drive , Goleta, CA, 93117",Goleta,CA,2022-04-20,31-RC-294436,Union Loss,6/24/2022,34.4295715,-119.8724395
"308 West Broadway 1, Gardner, MA, 1440",Gardner,MA,2022-04-21,01-RC-294409,Union Win,6/23/2022,42.56171,-71.99157
"1475 Western Avenue , Albany, NY, 12203",Albany,NY,2022-04-21,03-RC-294402,Union Win,6/7/2022,42.6828509,-73.838564
"922 South Meramec Station Rd., A, Valley Park, MO, 63088",Valley Park,MO,2022-04-22,"21-CA-294059,14-CA-296355,14-RC-294493",Union Win,7/7/2022,38.5367,-90.49652
"2233 E Burnside RD , Gresham, OR, 97030",Gresham,OR,2022-04-22,19-RC-294563,Union Win,6/28/2022,45.49836,-122.4095
"9250 Hennepin Town Road , Eden Prairie, MN, 55344",Eden Prairie,MN,2022-04-22,18-RC-294643,Union Loss,7/1/2022,44.83314262246886,-93.39890419789208
"620 Sam Ridley Pkwy West , Smyrna, TN, 37167",Smyrna,TN,2022-04-25,10-RC-294624,Union Loss,7/26/2022,35.995765,-86.5328475
"4147 University Way NE , Seattle, WA, 98105",Seattle,WA,2022-04-26,19-RC-294701,Union Win,6/28/2022,47.658195,-122.3134196
"2981 Triverton Pike Dr. , Fitchburg, WI, 53711",Fitchburg,WI,2022-04-26,18-RC-294802,Union Loss,7/11/2022,43.01605895,-89.42903673642377
"121 Cusick Rd , Alcoa, TN, 37701",Alcoa,TN,2022-04-26,10-RC-294680,Union Win,7/11/2022,35.81236344793294,-83.98222466605105
"9660 Transit Road 101, East Amherst, NY, 14051",East Amherst,NY,2022-04-28,03-RC-294786,Union Win,7/11/2022,43.03296,-78.69757
"7010 North Marks Avenue Suite 105, Fresno, CA, 93711",Fresno,CA,2022-04-29,32-RC-294940,Union Loss,7/11/2022,36.83754407591402,-119.84741402890704
"400 Park Avenue , Winter Park, FL, 32789",Winter Park,FL,2022-05-02,12-RC-295000,Union Loss,7/20/2022,28.5939348,-81.3677932
"11332 Nuckols Road , Glen Allen, VA, 23059",Glen Allen,VA,2022-05-02,05-RC-295021,Union Loss,6/10/2022,37.68219338767641,-77.58907454199215
"1544 Piedmont Rd NE # 232, Atlanta, GA, 30324",Atlanta,GA,2022-05-02,10-RC-294986,Union Win,6/22/2022,33.79918,-84.37176
"9610 SE 82nd Avenue , Happy Valley, OR, 97086",Happy Valley,OR,2022-05-02,19-RC-295057,Union Win,7/8/2022,45.45404725,-122.5786929407714
"4000 East Madison St , Seattle, WA, 98112",Seattle,WA,2022-05-02,19-RC-294994,Union Win,6/30/2022,47.6341227,-122.2807886
"580 Shelburne Road #9 , South Burlington, VT, 5401",South Burlington,VT,2022-05-02,03-RC-294985,Union Win,7/14/2022,44.44893,-73.20803
"2280 North Ocean Ave. B, Farmingville, NY, 11738",Farmingville,NY,2022-05-03,29-RC-295055,Union Win,7/26/2022,40.8260314,-73.0212196
"707 W Pioneer 101, Peoria, IL, 61615",Peoria,IL,2022-05-03,25-RC-295115,Contested,7/12/2022,40.7833153313478,-89.60305361578034
"4311 Town Center Blvd. 450, El Dorado Hills, CA, 95762",El Dorado Hills,CA,2022-05-03,32-RC-295074,Union Loss,7/13/2022,38.6488565473659,-121.07167962123307
"837 N. 7th Avenue , Phoenix, AZ, 85007",Phoenix,AZ,2022-05-06,28-RC-295386,Union Loss,8/3/2022,33.45853905,-112.08227923814286
"4303 Guide Meridian 101, Bellingham, WA, 98226",Bellingham,WA,2022-05-09,19-RC-295481,Union Win,7/6/2022,48.79667,-122.48681
"421 E 400 S. , Salt Lake City, UT, 84111",Salt Lake City,UT,2022-05-09,27-RC-295440,Union Win,7/19/2022,40.7605641,-111.8811953
"3001 North Perryville Road , Rockford, IL, 61114",Rockford,IL,2022-05-09,25-RC-295476,Union Win,7/21/2022,42.3050402,-88.9785654
"8008 East Central , Wichita, KS, 67206",Wichita,KS,2022-05-11,14-RC-295709,Contested,8/16/2022,37.69390993795435,-97.24429512882485
"135 Talcottville Road , Vernon, CT, 6066",Vernon,CT,2022-05-12,01-RC-295710,Union Win,7/14/2022,41.83237110782064,-72.49365997855628
"360 Alfred St , Biddeford, ME, 4005",Biddeford,ME,2022-05-12,01-RC-295712,Union Win,7/14/2022,43.48304918840236,-70.47209204388936
"6502 Bolsa Avenue #101, Huntington Beach, CA, 92647",Huntington Beach,CA,2022-05-12,21-RC-295771,Union Win,7/22/2022,33.74442,-118.01539
"4115 4th Avenue S , Seattle, WA, 98134",Seattle,WA,2022-05-13,19-RC-295849,Contested,10/7/2022,47.5666765,-122.3298052
"2540 Greengate Centre Circle , Greensburg, PA, 15601",Greensburg,PA,2022-05-16,06-RC-295875,Union Win,6/21/2022,40.30633,-79.58305
"2489 Lenwood Blvd. , Barstow, CA, 92311",Barstow,CA,2022-05-17,31-RC-295959,Union Win,7/27/2022,34.85126,-117.08198
"2 Kelch Dr. , Malta, NY, 12020",Malta,NY,2022-05-17,03-RC-295892,Contested,8/15/2022,42.9713294,-73.7978878
"12980 Foothill Blvd. , Sylmar, CA, 91342",Sylmar,CA,2022-05-18,31-RC-296066,Contested,7/28/2022,34.319523,-118.4459099
"3241 N Figueroa Street , Los Angeles, CA, 90065",Los Angeles,CA,2022-05-19,31-RC-296098,Union Win,8/2/2022,34.085917959183675,-118.21985414285714
"2166 N. Amidon , Wichita, KS, 67203",Wichita,KS,2022-05-20,14-RC-296161,Union Loss,8/1/2022,37.72191753548839,-97.36304393532453
"109 Old Boerne Rd , Bulverde, TX, 78163",Bulverde,TX,2022-05-20,16-RC-296156,Union Loss,7/25/2022,29.79713905,-98.42224329293695
"5310 Liberty Avenue , Pittsburgh, PA, 15224",Pittsburgh,PA,2022-05-20,06-RC-296143,Union Win,7/26/2022,40.4557792,-79.9394926
"1303 University Avenue , Riverside, CA, 92507",Riverside,CA,2022-05-20,21-RC-296247,Union Win,7/29/2022,33.975773861292176,-117.34007995911723
"4885 McKnight Road , Pittsburgh, PA, 15237",Pittsburgh,PA,2022-05-20,06-RC-296139,Union Loss,7/26/2022,40.493604,-80.0115965
"6066 West Olympic Boulevard , Los Angeles, CA, 90036",Los Angeles,CA,2022-05-24,31-RC-296439,Union Win,8/3/2022,34.05799281632653,-118.36218489795918
"210-21 Southbank Street , Sterling, VA, 20165",Sterling,VA,2022-05-24,05-RC-296297,Union Win,6/28/2022,39.03467,-77.39817
"5331 E. Mockingbird Lane 150, Dallas, TX, 75206",Dallas,TX,2022-05-25,16-RC-296428,Union Win,8/8/2022,32.83757,-96.77636
"3904 Commercial Street SE , Salem, OR, 97302",Salem,OR,2022-05-26,19-RC-296544,Union Win,8/9/2022,44.900196,-123.038998
"2540 Vestal Parkway , Vestal, NY, 13850",Vestal,NY,2022-05-26,03-RC-296460,Union Win,8/24/2022,42.09450035,-76.00596463753712
"6075 N. Lincoln Ave. , Chicago, IL, 60659",Chicago,IL,2022-05-26,13-RC-296481,Union Win,8/3/2022,41.9929366,-87.710997
"1025 E Main St , Carbondale, IL, 62901",Carbondale,IL,2022-05-27,14-RC-296646,Union Win,8/11/2022,37.72841468844085,-89.20088719693061
"401 SW Morrison , Portland, OR, 97204",Portland,OR,2022-05-31,19-RC-296755,Store Closed,8/5/2022,45.51855038736736,-122.67663222952838
"1231 Veterans Parkway , Clarksville, IN, 47129",Clarksville,IN,2022-05-31,09-RC-296739,Union Win,7/29/2022,38.3287121,-85.760522
"8023 Dale Avenue , Richmond Heights, MO, 63117",Richmond Heights,MO,2022-05-31,14-RC-296784,Union Win,8/10/2022,38.627751765998426,-90.33186255215657
"6350 North Broadway , Chicago, IL, 60660",Chicago,IL,2022-05-31,13-RC-296747,Union Win,8/19/2022,41.9979065,-87.6609190189944
"7707 McKnight Rd , Pittsburgh, PA, 15237",Pittsburgh,PA,2022-05-31,06-RC-296680,Union Win,8/3/2022,40.493604,-80.0115965
"7201 Market Street , Wilmington, NC, 28411",Wilmington,NC,2022-06-01,10-RC-296802,Union Win,8/23/2022,34.2731583,-77.8193649
"18154 Blanco Rd , San Antonio, TX, 78232",San Antonio,TX,2022-06-02,16-RC-296944,Union Win,8/5/2022,29.6070113,-98.5082726
"1201 Market Street , Philadelphia, PA, 19107",Philadelphia,PA,2022-06-03,04-RC-297037,Union Loss,7/13/2022,39.952543000000006,-75.16060407927046
"6080 S Macadam , Portland, OR, 97239",Portland,OR,2022-06-06,19-RC-297141,Union Win,8/10/2022,45.47988,-122.67222
"721 SW Mt. Si Blvd B, North Bend, WA, 98045",North Bend,WA,2022-06-06,19-RC-297142,Union Win,8/8/2022,47.48732515,-121.7934442466373
"4094 18th Street , San Francisco, CA, 94114",San Francisco,CA,2022-06-06,20-RC-297117,Union Win,8/16/2022,37.7610101,-122.4346633
"23029 John T Reid Parkway , Scottsboro, AL, 35769",Scottsboro,AL,2022-06-06,10-RC-297006,Union Win,10/31/2022,34.622455,-86.090615
"2224 Shattuck Avenue , Berkeley, CA, 94704",Berkeley,CA,2022-06-14,32-RC-297553,Union Win,8/22/2022,37.8689445294639,-122.2681185324764
"5122 Edina Industrial Blvd , Edina, MN, 55439",Edina,MN,2022-06-14,18-RC-297566,Union Win,8/18/2022,44.864205,-93.353864
"12711 Brookhurst Street , Garden Grove, CA, 92840",Garden Grove,CA,2022-06-15,21-RC-297661,Union Loss,9/1/2022,33.77903168497641,-117.9585143631096
"40 South Park St , Montclair, NJ, 7042",Montclair,NJ,2022-06-16,22-RC-297792,Union Win,8/10/2022,40.8147616,-74.2195402
"14330 San Pablo Ave A, San Pablo, CA, 94806",San Pablo,CA,2022-06-16,32-RC-297724,Union Loss,8/29/2022,37.9644532,-122.3447286
"631 S Glenstone Ave , Springfield, MO, 65802",Springfield,MO,2022-06-21,14-RC-297893,Union Win,8/25/2022,37.20311649624847,-93.26201949990588
"4655 William Flynn Highway 100, Allison Park, PA, 15101",Allison Park,PA,2022-06-21,06-RC-297910,Union Win,8/25/2022,40.59187,-79.94834
"1240 12th Street SW , Rochester, MN, 55902",Rochester,MN,2022-06-21,18-RC-297942,Contested,,44.0069185,-92.4825151
"1030 S 5th St, St Charles, MO 63301",St. Robert,MO,2022-06-21,18-RC-297917,Union Win,8/23/2022,38.8103059,-90.8476659
"3401 Bardstown Road , Louisville, KY, 40218",Louisville,KY,2022-06-21,09-RC-297936,Union Win,8/19/2022,38.20564865,-85.66615773474683
"1030 So. 5th Street , St. Charles, MO, 63301",St. Charles,MO,2022-06-21,14-RC-297892,Union Loss,8/31/2022,38.774780861254015,-90.49035198454202
"697 Walnut Street , New Braunfels, TX, 78130",New Braunfels,TX,2022-06-22,16-RC-298055,Union Win,9/12/2022,29.68689,-98.12581
"600 Columbia Turnpike , East Greenbush, NY, 12061",East Greenbush,NY,2022-06-22,03-RC-297980,Union Win,8/25/2022,42.59829075,-73.70995203749072
"2303 Nott Street East , Niskayuna, NY, 12309",Niskayuna,NY,2022-06-22,03-RC-297987,Union Win,8/5/2022,42.8166655,-73.8914941
"480 Forest Ave , Staten Island, NY, 10310",Staten Island,NY,2022-06-27,29-RC-298233,Union Win,8/22/2022,40.63024985,-74.10629545603098
"1143 Wantagh Avenue , Wantagh, NY, 11793",Wantagh,NY,2022-06-27,29-RC-298246,Union Win,9/16/2022,40.6948217,-73.5069481959882
"288 Main Street , Reading, MA, 1867",Reading,MA,2022-06-27,01-RC-298347,Union Loss,8/31/2022,42.51667692993845,-71.10368052132468
"309 Clifton Park Center Road Store #1, Clifton Park, NY, 12065",Clifton Park,NY,2022-07-05,03-RC-298672,Union Win,8/19/2022,42.86126,-73.77934
"1810 Pioneer Parkway W , Springfield, OR, 97477",Springfield,OR,2022-07-06,19-RC-298772,Union Win,9/20/2022,44.06262389340656,-123.02646240230284
"4080 Washington Road , McMurray, PA, 15317",McMurray,PA,2022-07-07,06-RC-298916,Union Win,8/18/2022,40.2905838,-80.1047751
"4300 Ambassador Caffery Pkwy , Lafayette, LA, 70508",Lafayette,LA,2022-07-08,15-RC-298956,Contested,9/14/2022,30.159669,-92.052336
"1 Crossgates Mall Road B231, Albany, NY, 12203",Albany,NY,2022-07-11,03-RC-299064,Union Win,9/19/2022,42.69015,-73.85029
"1000 Rio Grande Blvd. , Albuquerque, NM, 87104",Albuquerque,NM,2022-07-11,28-RC-299178,Union Win,9/15/2022,35.10424,-106.67045
"4727 Freemansburg Avenue , Bethlehem, PA, 18045",Bethlehem,PA,2022-07-11,04-RC-299148,Union Loss,9/23/2022,40.650497,-75.2942017
"1711 North Victory Place , Burbank, CA, 91502",Burbank,CA,2022-07-13,31-RC-299294,Union Loss,9/20/2022,34.19133357419956,-118.32831319888425
"2202 Fredericksburg Rd , San Antonio, TX, 78201",San Antonio,TX,2022-07-15,16-RC-299517,Union Win,9/20/2022,29.4662455,-98.52754851796246
"2801 S. Shepherd Drive , Houston, TX, 77098",Houston,TX,2022-07-18,16-RC-299559,Union Win,9/22/2022,29.74049905,-95.4104284371397
"269 Main Street N/A, Westlake, OH, 44145",Westlake,OH,2022-07-18,08-RC-299575,Union Win,9/29/2022,41.45673,-81.95129
"5655 East Pickard St , Mt. Pleasant, MI, 48858",Mt. Pleasant,MI,2022-07-21,07-RC-299855,Union Win,9/12/2022,43.611835,-84.763072
"2430 S. Broadway Suite A, Santa Maria, CA, 93454",Santa Maria,CA,2022-07-22,31-RC-300025,Union Win,10/3/2022,34.9157,-120.43552
"6420 Telegraph Rd. , Bloomfield Twp, MI, 48301",Bloomfield Twp,MI,2022-07-29,07-RC-300425,Union Win,10/7/2022,42.54602791685014,-83.28535311250603
"2604 11th Ave , Greeley, CO, 80631",Greeley,CO,2022-08-05,27-RC-300862,Union Win,9/27/2022,40.39519816426757,-104.69678265840194
"3121 Regency Lane , Denison, TX, 75020",Denison,TX,2022-08-09,16-RC-301056,Union Win,10/19/2022,33.76134165,-96.58341542533395
"2201 South Street , Philadelphia, PA, 19146",Philadelphia,PA,2022-08-11,04-RC-301198,Union Win,10/25/2022,39.945371,-75.178718
"1429 P Street, NW , Washington, DC, 20005",Washington,DC,2022-08-12,05-RC-301836,Union Win,9/30/2022,38.90996,-77.03313
"176 Middle St. , Portland, ME, 4101",Portland,ME,2022-08-23,01-RC-301879,Store Closed,10/17/2022,43.657576,-70.25476
"75-101 Federal Street , Boston, MA, 2110",Boston,MA,2022-08-29,01-RC-302289,Union Win,10/21/2022,42.3552444,-71.05693041374465
"7979 Pittsford-Victor Road , Victor, NY, 14564",Victor,NY,2022-09-01,03-RC-302475,Union Win,10/18/2022,43.03159154575,-77.44128281844445
"225 S. Main Street , Breckenridge, CO, 80424",Breckenridge,CO,2022-09-02,27-RC-302626,Union Loss,10/18/2022,39.4797655,-106.0460533
"789 Huntingdon Pike , Abington, PA, 19006",Abington,PA,2022-09-09,04-RC-303151,Union Loss,10/19/2022,40.0886879,-75.0927648
"71 Washington Ave , Santa Clara, CA, 95050",Santa Clara,CA,2022-09-12,32-RC-303284,Union Win,10/21/2022,37.4352692,-122.1386972
"62 New Scotland Ave , Albany, NY, 12208",Albany,NY,2022-09-12,03-RC-303114,Union Win,10/28/2022,42.6522623,-73.7763674
"3712 Easton Nazareth Highway , Easton, PA, 18045",Easton,PA,2022-09-15,04-RC-303427,Union Win,10/20/2022,40.71634,-75.284
"1601 W Irving Park Rd , Chicago, IL, 60613",Chicago,IL,2022-09-16,13-RC-303517,Union Win,10/25/2022,41.954205,-87.669212
"1144  Elliott Avenue West , Seattle, WA, 98119",Seattle,WA,2022-09-19,19-RC-303680,Union Win,11/17/2022,47.6298518,-122.37204827878568
"16852 NW Military Hwy , Shavano Park, TX, 78231",Shavano Park,TX,2022-09-21,16-RC-303916,Union Win,11/4/2022,29.59900745,-98.56274345
"624 N. York Road Unit A, Elmhurst, IL, 60126",Elmhurst,IL,2022-09-22,13-RC-303877,Union Win,12/5/2022,41.91868,-87.94029
"2200 Clarendon Blvd , Arlington, VA, 22201",Arlington,VA,2022-09-29,05-RC-304319,Union Win,11/8/2022,38.8903109,-77.0855734
"490 North Broad St. , Philadelphia, PA, 19123",Philadelphia,PA,2022-09-30,04-RC-304399,Union Win,11/4/2022,39.9612803,-75.1614807
"1742 Fremont Blvd , Seaside, CA, 93955",Seaside,CA,2022-10-06,32-RC-304809,Union Loss,11/17/2022,36.612654,-121.84369
"3500 Black Forrest Drive #1, Fayetteville, AR, 72704",Fayetteville,AR,2022-10-06,15-RC-304743,Union Win,11/14/2022,36.07825,-94.21031
"2230 Main Street , Green Bay, WI, 54302",Green Bay,WI,2022-10-10,18-RC-304934,Union Win,11/29/2022,44.48381203571429,-87.97070396428572
"300 S Main St , Royal Oak, MI, 48067",Royal Oak,MI,2022-10-11,07-RC-305020,Filed,11/16/2022,42.488002,-83.144333
"2580 W. Apache Trail , Apache Junction, AZ, 85120",Apache Junction,AZ,2022-10-11,28-RC-305219,Union Loss,11/21/2022,33.415974649999995,-111.57414555896666
"5602 176th St. East Building G, Frederickson, WA, 98375",Frederickson,WA,2022-10-14,19-RC-305313,Union Loss,11/29/2022,47.09609,-122.35469
"222 36th Street , Bellingham, WA, 98225",Bellingham,WA,2022-10-17,19-RC-305402,Union Win,12/1/2022,48.7327,-122.469774
"2760 Willow Rd , Glenview, IL, 60062",Glenview,IL,2022-10-24,13-RC-305812,Union Win,12/6/2022,42.105785868313205,-87.84654397950874
"233 S Wacker Dr , Chicago, IL, 60606",Chicago,IL,2022-10-26,13-RC-306109,Filed,12/8/2022,41.878871700000005,-87.63590784114558
"620 8th Ave, New York, NY 10018",New York,NY,2022-10-28,02-RC-306188,Filed,12/15/2022,40.75589705,-73.98927342121596
"2630 MacArthur Rd Suite 100, Whitehall, PA, 18052",Whitehall,PA,2022-10-31,04-RC-306257,Union Win,12/2/2022,40.64594,-75.49438
"6400 Fannin Street 104, Houston, TX, 77030",Houston,TX,2022-10-31,16-RC-307849,Filed,,29.71520175478289,-95.3965285185622
"7399 NE Butler St. , Hillsboro, OR, 97124",Hillsboro,OR,2022-11-01,19-RC-306378,Filed,12/14/2022,45.53822215,-122.90066835916384
"1784 North High Street , Columbus, OH, 43201",Columbus,OH,2022-11-07,09-RC-306658,Filed,,39.99853412889063,-83.00765816176428
"44185 Ashbrook Marketplace Plaza 100, Ashburn, VA, 20147",Ashburn,VA,2022-11-11,05-RC-307885,Filed,,39.06165,-77.47199
"74-25 Grand Ave. , Maspeth, NY, 11373",Maspeth,NY,2022-11-14,29-RC-307053,Filed,,40.7218546,-73.904432
"12330 Crabapple  Rd , Alpharetta, GA, 30004",Alpharetta,GA,2022-11-14,10-RC-307050,Filed,,34.085093019823674,-84.35551365520591
"1772 S. Rainbow Blvd #110, Las Vegas, NV, 89146",Las Vegas,NV,2022-11-16,28-RC-307132,Filed,,36.1526,-115.24292
"2400 Baseline RD. , Boulder, CO, 80305",Boulder,CO,2022-11-17,27-RC-307323,Filed,,39.9998194,-105.2629626
"12 Market Place Drive , Waltham, MA, 2451",Waltham,MA,2022-11-17,01-RC-307310,Filed,,42.3801928,-71.2627901
"972 Baxter Avenue , Louisville, KY, 40204",Louisville,KY,2022-11-21,09-RC-307565,Filed,,38.2399737,-85.7244988
"30130 Rock Creek Drive 100, Kingwood, TX, 77339",Kingwood,TX,2022-11-23,16-RC-307810,Filed,,30.06796,-95.24899
"10215 SE Stark , Portland, OR, 97216",Portland,OR,2022-12-02,19-RC-308209,Filed,,45.51905492002432,-122.5583056322578
"2117 W Martin Luther King Blvd , Fayetteville, AR, 72701",Fayetteville,AR,2022-12-05,15-RC-308256,Filed,,36.05493825,-94.1900834305194
"519 Main Street , Evanston, IL, 60202",Evanston,IL,2022-12-05,13-RC-308203,Filed,,42.0340803,-87.6787749
